symbol,name,sector,last_traded_price,change_percent,volume,turnover,market_cap,shares_outstanding,eps,pe_ratio,pb_ratio,nav,dividend_yield,dividend_per_share,roe,roa,debt_equity,current_ratio,52_week_high,52_week_low,position_in_52_week,graham_number,earnings_yield,payout_ratio,investment_score,value_classification,recommendation,investment_grade
CITW.N0000,Ceylon Investment PLC - W,Banks Finance & Insurance,612.55,-0.04,410993,266491411.29,217533515921,355127634,91.79,6.67,0.86,711.04,8.08,49.47,19.45,9.49,0.18,1.69,973.82,538.9,16.93,1211.81,14.98,53.89,95,Deep Value,Strong Buy,A
KELN.N0000,Kelani Valley Plantations PLC,Plantations,76.26,0.35,106539,26351594.73,4611266184,60467178,13.48,5.66,0.96,79.54,5.57,4.25,17.97,6.06,0.25,1.91,104.11,44.23,53.49,155.34,17.68,31.51,95,Deep Value,Strong Buy,A
TKYO.N0000,Tokyo Cement Company (Lanka) PLC,Manufacturing,573.09,0.74,108741,185896888.14,208798987314,364335977,76.89,7.45,0.86,669.27,6.43,36.88,21.52,11.34,0.53,0.97,881.68,507.87,17.45,1076.07,13.42,47.96,90,Deep Value,Strong Buy,A
JINS.N0000,Janashakthi Insurance PLC,Banks Finance & Insurance,458.52,-0.95,391151,181190670.0,68320272684,149003282,32.3,14.2,0.6,763.05,9.79,44.87,16.22,5.74,0.22,2.39,723.07,253.2,43.7,744.65,7.04,138.94,90,Value,Strong Buy,A
SFIN.N0000,Senkadagala Finance PLC,Banks Finance & Insurance,259.8,-3.03,212435,65236042.22,46075377460,177346766,50.87,5.11,0.58,449.19,3.77,9.79,16.19,7.51,0.43,2.56,319.89,184.15,55.73,717.0,19.58,19.24,90,Deep Value,Strong Buy,A
CWM.N0000,C W Mackie PLC,Trading,556.09,-2.58,327683,246099497.72,206905465578,372072025,81.26,6.84,0.85,655.88,3.92,21.81,12.6,7.37,0.12,0.85,692.07,409.65,51.85,1095.05,14.61,26.84,85,Deep Value,Strong Buy,A
HASU.N0000,HNB Assurance PLC,Banks Finance & Insurance,517.91,-3.44,162318,137388204.68,152254162984,293978803,39.63,13.07,0.92,562.2,9.28,48.07,24.57,14.55,0.54,2.29,650.6,414.39,43.82,707.98,7.65,121.3,85,Value,Strong Buy,A
SEMB.N0000,Seylan Merchant Bank Ltd,Banks Finance & Insurance,374.58,2.54,121084,19436602.22,151195603808,403636869,58.65,6.39,1.84,203.3,3.35,12.54,23.89,10.93,0.15,1.58,556.37,325.8,21.16,517.95,15.66,21.39,85,Fair Value,Strong Buy,A
ORIC.N0000,Orient Finance PLC,Banks Finance & Insurance,194.01,-0.22,115251,40968211.59,19542926274,100731424,13.04,14.88,1.83,106.11,6.73,13.06,23.86,12.45,0.19,1.54,298.56,101.17,47.03,176.43,6.72,100.16,85,Fair Value,Strong Buy,A
AGST.N0000,Agalawatte Plantations PLC,Plantations,167.97,2.93,100709,49791063.07,23105421499,137556593,21.56,7.79,0.72,232.23,8.19,13.76,18.89,10.9,0.99,2.78,260.94,147.58,17.99,335.62,12.83,63.82,85,Deep Value,Strong Buy,A
CABO.N0000,Cable Solutions PLC,Manufacturing,478.86,-0.91,58733,118031649.51,170626561263,356315611,33.07,14.48,1.66,287.7,6.96,33.31,21.78,7.25,0.32,2.19,664.6,364.5,38.11,462.65,6.91,100.73,85,Fair Value,Strong Buy,A
SINS.N0000,Softlogic Life Insurance PLC,Banks Finance & Insurance,629.63,1.23,425261,130734148.21,58441988362,92820164,60.12,10.47,1.17,539.48,3.5,22.04,24.7,9.04,0.11,2.74,831.41,554.45,27.14,854.27,9.55,36.67,85,Value,Strong Buy,A
LFIN.N0000,LB Finance PLC,Banks Finance & Insurance,153.38,-2.62,277717,46556091.46,34530744515,225127880,10.45,14.68,1.15,133.8,7.87,12.08,15.65,6.4,0.46,2.93,222.01,105.39,41.15,177.37,6.81,115.58,85,Value,Strong Buy,A
NTB.N0000,Nations Trust Bank PLC,Banks Finance & Insurance,596.16,-3.91,283844,39824545.34,40946631527,68683459,47.83,12.46,1.33,449.56,3.48,20.77,23.15,12.94,0.47,1.62,787.0,504.2,32.52,695.57,8.02,43.41,85,Value,Strong Buy,A
PABC.N0000,Pan Asia Banking Corporation PLC,Banks Finance & Insurance,138.23,4.85,445168,63071789.18,24088284816,174257881,21.67,6.38,0.82,167.69,4.63,6.41,24.44,11.42,0.93,2.71,174.6,100.27,51.07,285.94,15.68,29.56,85,Deep Value,Strong Buy,A
AHPL.N0000,Asiri Hospital Holdings PLC,Diversified Holdings,441.43,4.0,497975,201291760.78,133942924317,303428214,38.71,11.4,0.89,497.81,3.34,14.72,13.37,7.32,0.13,1.25,546.32,238.06,65.97,658.46,8.77,38.04,80,Value,Strong Buy,A
SMLT.N0000,Samson International PLC,Manufacturing,622.18,1.72,211681,74461809.47,237891581261,382349310,50.09,12.42,1.46,426.22,3.69,22.97,19.05,6.63,0.5,1.5,973.02,372.67,41.56,693.08,8.05,45.86,80,Value,Strong Buy,A
DOCK.N0000,Colombo Dockyard PLC,Construction & Engineering,158.13,2.22,402870,15322327.05,31184896887,197204705,21.16,7.47,1.4,113.1,2.7,4.28,15.12,8.69,0.5,0.98,231.04,130.41,27.55,232.07,13.38,20.2,80,Value,Strong Buy,A
GEST.N0000,Good Hope PLC,Plantations,598.47,-2.96,93586,79496797.7,261663106087,437217159,50.42,11.87,0.6,997.56,3.71,22.2,14.74,7.75,0.46,2.13,919.81,537.58,15.93,1063.83,8.43,44.03,80,Value,Strong Buy,A
CONS.N0000,Construction Industries PLC,Construction & Engineering,415.08,-3.52,431079,13373008.63,147686808084,355806584,30.38,13.66,1.72,241.41,5.0,20.76,15.54,6.3,0.48,1.45,580.74,362.82,23.98,406.21,7.32,68.35,80,Fair Value,Strong Buy,A
CTBL.N0000,Ceylon Investment PLC,Banks Finance & Insurance,47.16,3.28,483777,9485690.14,14208848999,301299220,3.79,12.45,0.95,49.6,4.85,2.29,22.41,7.33,0.81,1.3,61.7,41.68,27.38,65.02,8.03,60.4,80,Value,Strong Buy,A
AAIC.N0000,Asian Alliance Insurance PLC,Banks Finance & Insurance,431.54,3.77,453879,208810251.44,19562459446,45331901,41.59,10.38,1.12,386.61,8.72,37.65,10.17,4.59,0.24,1.96,654.5,353.11,26.02,601.45,9.64,90.54,80,Value,Strong Buy,A
APXT.N0000,Agri Trans Lanka PLC,Power & Energy,45.08,-4.42,252169,7642563.18,9509877042,210949304,2.33,19.36,0.64,70.25,7.54,3.4,14.55,6.23,0.49,2.6,72.07,25.33,42.26,60.67,5.17,146.0,80,Fair Value,Strong Buy,A
HEXP.N0000,Hemas Holdings PLC,Diversified Holdings,393.46,-2.39,279974,135503174.51,110178511803,280021480,31.19,12.61,0.63,625.48,3.86,15.18,10.99,5.32,0.3,2.37,605.05,350.7,16.81,662.56,7.93,48.67,80,Value,Strong Buy,A
COMB.N0000,Commercial Bank of Ceylon PLC,Banks Finance & Insurance,157.3,3.6,479467,28296912.64,8547477532,54339037,12.03,13.08,1.73,91.16,6.12,9.63,19.45,7.94,0.25,2.97,217.66,102.37,47.64,157.07,7.65,80.03,80,Fair Value,Strong Buy,A
HNBF.N0000,HNB Finance PLC,Banks Finance & Insurance,298.36,-4.72,382684,12898083.36,83300744361,279199397,41.84,7.13,1.85,160.9,6.97,20.8,24.02,9.35,0.82,1.31,475.51,150.73,45.45,389.19,14.02,49.7,80,Fair Value,Strong Buy,A
CINS.N0000,Ceylinco Insurance PLC,Banks Finance & Insurance,596.22,-1.91,70943,180544835.57,210282935004,352693731,89.88,6.63,1.76,339.68,9.17,54.69,23.91,12.41,0.97,2.57,737.76,352.38,63.27,828.82,15.08,60.85,80,Fair Value,Strong Buy,A
CFIN.N0000,Central Finance Company PLC,Banks Finance & Insurance,204.85,2.26,347696,38924394.79,39081701982,190779300,17.13,11.96,1.29,158.79,9.68,19.83,20.75,6.52,0.66,1.63,291.35,124.56,48.14,247.37,8.36,115.79,80,Value,Strong Buy,A
LION.N0000,Lion Brewery Ceylon PLC,Beverage Food & Tobacco,612.52,-4.08,235616,246661441.26,21997631588,35913342,55.93,10.95,0.95,641.47,4.13,25.29,33.75,12.81,0.66,2.4,894.32,345.35,48.67,898.49,9.13,45.21,80,Value,Strong Buy,A
KAHA.N0000,Kahawatte Plantations PLC,Plantations,168.99,0.41,289403,32774527.08,74223382889,439228028,16.42,10.29,0.94,179.73,7.41,12.53,18.68,10.61,0.93,1.45,262.72,118.54,34.99,257.72,9.72,76.29,80,Value,Strong Buy,A
CALT.N0000,Ceylon & Foreign Trades PLC,Motors,563.0,-4.44,282583,162431775.89,216230342226,384069458,49.9,11.28,1.9,296.61,4.14,23.31,18.01,9.87,0.48,2.42,775.12,494.1,24.52,577.07,8.86,46.72,75,Fair Value,Strong Buy,A
UAL.N0000,Union Assurance PLC,Banks Finance & Insurance,688.94,1.72,423920,64255500.84,210314162618,305272165,67.26,10.24,2.12,324.52,6.81,46.91,20.41,7.38,0.44,2.9,884.37,558.9,39.95,700.81,9.76,69.75,75,Growth,Strong Buy,A
ARPICO.N0000,Arpico Insurance PLC,Banks Finance & Insurance,628.43,-2.2,215700,149830657.61,163478771880,260139892,68.23,9.21,0.82,768.11,4.83,30.35,13.83,5.44,0.77,2.07,950.65,358.02,45.63,1085.87,10.86,44.49,75,Deep Value,Strong Buy,A
NDB.N0000,National Development Bank PLC,Banks Finance & Insurance,688.55,0.0,43989,196726883.16,214360488080,311323015,92.1,7.48,1.54,448.36,3.16,21.78,23.3,9.49,0.7,2.58,1003.05,593.31,23.24,963.88,13.38,23.65,75,Fair Value,Strong Buy,A
DRUG.N0000,Drug House Lanka PLC,Chemicals & Pharmaceuticals,782.19,0.89,110862,154435878.91,257950840918,329778229,57.56,13.59,1.14,684.07,3.09,24.15,26.21,9.88,0.51,2.86,905.54,567.59,63.5,941.2,7.36,41.96,75,Value,Strong Buy,A
HNB.N0000,Hatton National Bank PLC,Banks Finance & Insurance,313.97,-0.44,115576,11596305.56,28844611418,91870799,24.77,12.67,1.0,312.92,8.47,26.59,19.74,7.25,0.56,2.21,355.98,265.78,53.43,417.63,7.89,107.35,75,Value,Strong Buy,A
SAMP.N0000,Sampath Bank PLC,Banks Finance & Insurance,603.27,-4.68,149280,45801844.4,37322959820,61867386,89.23,6.76,0.92,654.49,6.87,41.42,18.32,7.33,1.15,1.88,689.39,475.8,59.68,1146.3,14.79,46.42,75,Deep Value,Strong Buy,A
TRST.N0000,Trust Capital PLC,Investment Trusts,652.62,-0.34,83839,232491231.5,165406262361,253449993,80.98,8.06,1.81,361.29,4.99,32.55,13.01,7.04,0.16,1.61,923.76,368.87,51.14,811.33,12.41,40.2,75,Fair Value,Strong Buy,A
EML.N0000,E M L Consultants PLC,Services,80.41,-4.69,195838,3073148.88,1452664218,18066585,4.76,16.88,0.88,91.17,3.16,2.54,14.1,7.14,0.38,2.24,122.63,71.73,17.04,98.86,5.93,53.4,75,Fair Value,Strong Buy,A
BPPL.N0000,Browns Packaging PLC,Construction & Engineering,271.8,-2.79,420191,107653552.43,112796013334,414999495,19.74,13.77,1.36,200.4,4.36,11.85,14.11,8.41,0.43,2.01,392.83,207.12,34.83,298.32,7.26,60.04,75,Value,Strong Buy,A
RETA.N0000,Retail Stores PLC,Stores Supplies,641.02,-1.72,300647,82685344.3,97531238929,152149384,51.01,12.57,1.7,377.71,3.95,25.31,18.57,10.27,0.27,2.25,841.59,325.3,61.15,658.42,7.96,49.61,75,Fair Value,Strong Buy,A
SEFIN.N0000,Seylan Developments PLC,Banks Finance & Insurance,755.58,-0.67,319048,105699322.36,63839879204,84491283,58.73,12.87,2.59,291.47,8.68,65.59,24.99,7.57,0.47,0.95,890.19,396.49,72.73,620.59,7.77,111.69,75,Growth,Strong Buy,A
LECO.N0000,Lanka Electricity Company PLC,Power & Energy,471.02,-2.11,107824,191514693.57,116931241576,248252588,49.38,9.54,1.84,256.21,6.47,30.47,16.66,5.76,0.99,1.78,567.46,385.65,46.95,533.52,10.48,61.71,75,Fair Value,Strong Buy,A
ELEN.N0000,Electro Corp Lanka PLC,Power & Energy,256.99,-2.89,63141,111931011.36,114000418474,443601355,25.39,10.12,0.87,294.51,4.4,11.32,18.38,9.94,0.62,1.33,302.7,180.16,62.7,410.16,9.88,44.58,75,Value,Strong Buy,A
CGAS.N0000,Colombo Gas & Electric PLC,Power & Energy,578.22,-1.28,434143,179061464.11,113534803592,196352880,38.16,15.15,1.3,443.78,3.67,21.24,18.93,10.15,0.31,1.07,700.08,449.62,51.34,617.28,6.6,55.66,75,Fair Value,Strong Buy,A
DIAL.N0000,Dialog Axiata PLC,Telecommunications,684.39,-2.27,59231,312310223.12,281195235770,410868740,61.52,11.12,1.68,408.17,6.66,45.6,24.3,14.43,0.78,2.19,823.18,517.67,54.57,751.66,8.99,74.12,75,Fair Value,Strong Buy,A
NECT.N0000,N S B Fund Management Company PLC,Telecommunications,546.13,1.71,157010,216744708.5,205488270671,376260898,35.11,15.56,1.75,312.65,5.59,30.51,15.46,6.41,0.13,0.96,816.86,289.77,48.64,496.95,6.43,86.92,75,Fair Value,Strong Buy,A
HOPL.N0000,Horana Plantations PLC,Plantations,531.99,3.6,8135,249674967.02,255276979785,479855307,68.04,7.82,1.38,386.72,9.84,52.35,13.65,6.76,0.82,2.79,627.64,426.6,52.42,769.45,12.79,76.94,75,Value,Strong Buy,A
KCAB.N0000,Kelani Cables PLC,Manufacturing,189.11,3.63,407482,90831242.69,9031115271,47754760,11.44,16.52,0.89,211.41,6.72,12.7,19.93,6.56,0.52,2.13,268.53,169.75,19.61,233.32,6.05,110.98,75,Fair Value,Strong Buy,A
REXP.N0000,Richard Pieris Exports PLC,Manufacturing,757.98,4.67,495533,177889355.78,373527409278,492795411,81.12,9.34,1.52,498.02,4.18,31.67,10.87,5.06,0.37,0.87,1041.59,480.48,49.45,953.43,10.7,39.04,75,Fair Value,Strong Buy,A
CINT.N0000,Ceylon Investments PLC,Diversified Holdings,376.19,0.55,155913,134558862.91,159734916845,424607002,21.93,17.15,0.72,525.04,3.05,11.46,13.7,7.0,0.3,2.96,559.47,255.1,39.79,509.01,5.83,52.26,75,Fair Value,Strong Buy,A
PARQ.N0000,Parquet (Ceylon) PLC,Manufacturing,218.69,-2.1,429110,35574012.35,105450227716,482180014,23.95,9.13,2.68,81.6,6.08,13.3,15.6,8.06,0.44,1.62,348.5,173.23,25.94,209.7,10.95,55.52,75,Growth,Strong Buy,A
VICT.N0000,Victoria Investments PLC,Diversified Holdings,756.25,1.54,300821,24801103.15,177198979429,234312349,43.84,17.25,0.93,814.53,6.0,45.36,15.06,8.26,0.58,2.5,1045.22,579.78,37.91,896.31,5.8,103.47,75,Fair Value,Strong Buy,A
LPRT.N0000,LP Ceylon PLC,Diversified Holdings,692.9,2.17,354914,244222964.88,245353335436,354098773,72.67,9.54,1.32,523.76,5.82,40.35,11.51,4.87,0.85,0.89,873.99,568.33,40.75,925.4,10.49,55.52,75,Value,Strong Buy,A
CERA.N0000,Lanka Ceramic PLC,Manufacturing,178.65,-3.77,86612,56112284.44,32732703369,183221719,13.12,13.62,1.01,176.57,6.73,12.03,16.64,5.5,0.98,2.96,260.15,129.34,37.7,228.28,7.34,91.68,75,Value,Strong Buy,A
BUKI.N0000,Bukit Darah PLC,Beverage Food & Tobacco,262.62,3.96,470009,100142842.81,32005108021,121868446,16.33,16.08,1.87,140.41,4.32,11.36,30.79,12.75,0.33,1.05,324.84,227.16,36.3,227.16,6.22,69.52,75,Fair Value,Strong Buy,A
VFIN.N0000,Vallibel Finance PLC,Banks Finance & Insurance,520.97,3.44,417154,52739493.19,96353796739,184950064,94.69,5.5,1.06,491.23,5.04,26.26,11.16,5.92,0.54,1.82,617.05,425.08,49.95,1023.01,18.17,27.73,75,Value,Strong Buy,A
ALLI.N0000,Alliance Finance Company PLC,Banks Finance & Insurance,310.33,1.63,392239,86143548.52,50081918999,161383946,51.3,6.05,2.56,121.46,8.13,25.22,20.11,6.63,0.74,1.24,414.99,182.12,55.05,374.44,16.53,49.15,70,Growth,Strong Buy,A
LOLC.N0000,LOLC Finance PLC,Banks Finance & Insurance,317.84,2.81,176219,75039677.76,147361009600,463638981,27.44,11.58,1.21,261.74,4.33,13.75,18.34,7.23,0.55,2.92,464.59,284.38,18.56,401.99,8.63,50.11,70,Value,Strong Buy,A
CNUT.N0000,Coconut Oil PLC,Oil Palms,407.1,-4.45,243819,134089540.84,142291469846,349520406,37.36,10.9,2.03,200.85,7.4,30.15,16.76,6.14,0.4,0.89,571.24,210.44,54.51,410.88,9.18,80.69,70,Growth,Strong Buy,A
WARE.N0000,Warehouse Lanka PLC,Services,218.87,-1.3,195837,103512392.86,13990339148,63919669,17.16,12.75,0.87,252.74,3.17,6.94,11.03,4.88,0.98,2.72,329.13,169.63,30.87,312.41,7.84,40.43,70,Value,Strong Buy,A
KAPU.N0000,Kapruka Holdings PLC,Information Technology,772.02,-4.12,411413,237427168.69,344960096759,446828527,37.55,20.56,0.97,794.48,2.85,22.01,24.49,13.09,0.37,1.64,1181.81,541.58,35.99,819.25,4.86,58.61,70,Growth,Strong Buy,A
DIPD.N0000,Dipped Products PLC,Manufacturing,568.14,-1.91,10352,65629767.0,182220045339,320730345,35.67,15.93,0.89,641.31,5.44,30.93,10.16,5.96,0.99,2.84,702.45,414.01,53.44,717.44,6.28,86.7,70,Fair Value,Strong Buy,A
KAPI.N0000,Kelani Cables PLC,Manufacturing,132.39,-3.61,408541,37937114.45,9766477529,73768421,9.35,14.16,1.31,100.89,2.84,3.76,14.57,6.73,0.26,1.33,197.15,88.6,40.34,145.68,7.06,40.21,70,Value,Strong Buy,A
PARA.N0000,Paradise Resort PLC,Manufacturing,168.94,-1.04,310088,71421146.78,67374226087,398802352,12.57,13.45,2.9,58.32,5.3,8.95,19.49,7.07,0.19,1.12,240.05,100.94,48.88,128.41,7.44,71.2,70,Growth,Strong Buy,A
EBCR.N0000,E B Creasy & Company PLC,Diversified Holdings,257.96,3.02,146495,54032645.29,60406473686,234173600,28.92,8.92,1.38,186.28,4.1,10.59,14.84,5.21,0.53,1.62,300.59,181.18,64.3,348.14,11.21,36.61,70,Value,Strong Buy,A
CICT.N0000,Ceylon IT Solutions PLC,Telecommunications,643.18,-2.23,456738,145883605.71,267408647299,415759925,47.06,13.67,1.23,524.5,9.01,57.94,20.2,9.63,1.32,2.69,739.19,533.17,53.4,745.21,7.32,123.13,70,Value,Strong Buy,A
NAFL.N0000,Nawaloka Hospitals PLC,Healthcare,239.8,1.33,81658,68615091.14,15357845493,64043632,16.09,14.9,1.09,220.66,4.83,11.59,15.27,8.01,0.81,2.74,284.61,215.18,35.47,282.63,6.71,72.04,70,Value,Strong Buy,A
LSEQ.N0000,Lanka Securities PLC,Plantations,600.05,-4.79,284562,292063801.13,59301685054,98827477,69.8,8.6,0.67,892.92,5.73,34.38,12.92,6.31,1.21,2.56,920.76,304.99,47.92,1184.24,11.63,49.25,70,Deep Value,Strong Buy,A
ELPL.N0000,Elpitiya Plantations PLC,Plantations,357.44,0.22,259803,48128144.45,171292293477,479221667,77.26,4.63,0.91,393.29,7.82,27.97,8.4,4.73,0.79,2.88,418.95,231.79,67.14,826.85,21.61,36.2,70,Deep Value,Strong Buy,A
PDAN.N0000,Puttalam Cement Company Ltd,Plantations,481.0,0.56,80418,215148128.09,96390571879,200396946,54.94,8.75,0.58,832.16,4.17,20.05,16.2,8.38,1.1,1.54,623.33,363.54,45.21,1014.26,11.42,36.49,70,Deep Value,Strong Buy,A
BOGA.N0000,Bogawantalawa Tea Estates PLC,Plantations,529.83,-1.63,11968,5750073.0,198558854233,374756032,131.83,4.02,2.37,223.81,10.47,55.45,13.07,6.8,0.12,2.04,777.06,363.19,40.26,814.79,24.88,42.06,70,Growth,Strong Buy,A
WEES.N0000,Weesasa Holdings PLC,Motors,139.85,0.21,221933,56030254.13,33548303681,239887460,7.47,18.73,1.49,93.68,4.4,6.15,20.25,11.49,0.84,1.46,186.55,96.94,47.88,125.44,5.34,82.39,70,Fair Value,Strong Buy,A
KERU.N0000,Kerabuild Lanka PLC,Stores Supplies,571.78,-1.69,475391,43774677.49,255053969514,446073890,48.8,11.72,0.96,594.54,4.5,25.73,23.63,7.57,1.49,0.8,903.55,443.36,27.9,807.98,8.54,52.72,70,Value,Strong Buy,A
LEE.N0000,Lee Hedges PLC,Trading,180.72,-4.03,186731,49077977.82,6229586230,34470589,18.33,9.86,1.17,154.47,3.99,7.21,10.28,4.86,0.86,1.89,216.41,93.01,71.08,252.39,10.14,39.35,70,Value,Strong Buy,A
SELI.N0000,Selinsing PLC,Trading,792.29,1.47,235028,120241608.78,46893058827,59186441,59.1,13.41,0.72,1106.76,3.49,27.64,9.8,5.73,0.38,1.85,1013.81,456.26,60.27,1213.15,7.46,46.76,70,Value,Strong Buy,A
CGUARD.N0000,Ceylon Guardian Investment Trust PLC,Investment Trusts,754.39,-2.05,192583,182012860.67,138723160289,183888106,71.96,10.48,0.51,1483.72,4.7,35.43,11.39,3.46,0.81,2.82,1151.43,465.15,42.15,1549.91,9.54,49.24,70,Value,Strong Buy,A
SOFF.N0000,Softlogic Finance PLC,Banks Finance & Insurance,709.54,-0.88,105512,298515409.39,284257579730,400619707,58.29,12.17,0.95,742.99,3.62,25.67,21.69,6.59,1.16,0.93,1005.58,511.34,40.1,987.11,8.21,44.05,70,Value,Strong Buy,A
CFVF.N0000,First Capital Holdings PLC,Banks Finance & Insurance,31.12,-0.0,222209,11330611.22,9543968918,306642777,3.29,9.47,2.26,13.8,4.18,1.3,15.3,7.14,0.43,1.93,41.57,24.09,40.26,31.94,10.56,39.61,70,Growth,Strong Buy,A
HIDR.N0000,Hirdaramani PLC,Footwear & Textiles,377.85,-1.29,226002,6176411.65,80857036644,213990911,28.71,13.16,0.88,429.76,4.47,16.88,13.88,4.18,0.59,1.53,469.36,202.65,65.69,526.87,7.6,58.8,70,Value,Strong Buy,A
INVS.N0000,Investment Fund PLC,Investment Trusts,730.81,2.75,225456,258609084.02,101570187009,138983897,83.84,8.72,0.62,1171.64,5.46,39.91,9.93,4.5,0.8,1.36,975.45,507.03,47.77,1486.7,11.47,47.6,70,Deep Value,Strong Buy,A
LABS.N0000,Laboratories Lanka PLC,Chemicals & Pharmaceuticals,266.57,-4.11,470060,90762987.12,48961986083,183677234,17.79,14.99,1.2,221.45,4.22,11.24,15.44,5.33,1.0,1.13,320.31,211.81,50.47,297.71,6.67,63.2,70,Value,Strong Buy,A
PROD.N0000,Property Development PLC,Land & Property,333.85,-0.46,142818,24223339.55,83572514589,250325915,56.14,5.95,0.95,351.4,2.01,6.72,14.21,8.27,0.93,1.13,520.21,279.26,22.66,666.24,16.82,11.98,70,Deep Value,Strong Buy,A
RCL.N0000,Royal Ceramics Lanka PLC,Manufacturing,462.51,1.46,159481,63076227.96,98799053485,213617164,57.95,7.98,0.54,859.34,2.7,12.48,16.3,7.58,1.33,1.04,516.71,331.08,70.8,1058.5,12.53,21.54,65,Deep Value,Buy,B
CFI.N0000,Convenience Foods (Lanka) PLC,Beverage Food & Tobacco,521.11,-2.0,449270,243586247.96,29253818077,56138048,24.97,20.87,1.09,479.17,6.52,33.97,26.74,11.09,0.57,0.93,817.91,271.92,45.64,518.89,4.79,136.03,65,Growth,Buy,B
LIOC.N0000,Lanka IOC PLC,Diversified Holdings,130.96,2.13,451643,56907153.84,6550576185,50020144,9.54,13.73,2.66,49.19,5.88,7.7,10.58,3.8,0.37,1.16,193.18,73.06,48.2,102.74,7.28,80.78,65,Growth,Buy,B
CHEV.N0000,Chevron Lubricants Lanka PLC,Chemicals & Pharmaceuticals,430.86,1.99,47689,27504771.56,111712785690,259278986,33.83,12.74,2.97,144.97,6.19,26.65,21.11,7.72,0.83,2.78,680.77,303.61,33.74,332.16,7.85,78.8,65,Growth,Buy,B
PLC.N0000,People's Leasing & Finance PLC,Banks Finance & Insurance,327.47,-4.06,360087,137188556.97,67959229131,207527692,22.32,14.67,2.57,127.4,9.8,32.08,12.04,6.03,0.28,2.14,494.8,203.61,42.54,252.93,6.81,143.76,65,Growth,Buy,B
ASHI.N0000,Asiri Surgical Hospital PLC,Healthcare,459.73,-3.2,281104,187466416.06,215462979640,468672104,36.33,12.65,1.54,299.33,2.35,10.8,20.16,11.0,0.87,1.69,653.1,261.04,50.68,494.67,7.9,29.73,65,Fair Value,Buy,B
RESU.N0000,Resus Energy PLC,Power & Energy,370.77,1.77,370310,13937070.36,79800608565,215228582,25.01,14.83,2.21,167.76,3.6,13.35,19.45,6.07,0.38,1.12,479.14,294.29,41.37,307.23,6.74,53.38,65,Growth,Buy,B
MASK.N0000,Maskeliya Plantations PLC,Plantations,670.11,-2.47,295261,148668478.91,59946046272,89456692,80.09,8.37,2.94,227.98,6.51,43.61,18.84,6.01,0.74,1.48,881.85,564.06,33.37,640.94,11.95,54.45,65,Growth,Buy,B
TEAS.N0000,Tea Smallholder Factories PLC,Plantations,244.68,-1.84,145616,113264659.19,44317834219,181126620,42.15,5.81,2.78,87.88,11.7,28.63,15.24,5.4,0.99,1.91,350.47,176.75,39.1,288.68,17.22,67.94,65,Growth,Buy,B
LHCL.N0000,Lanka Hospitals Corporation PLC,Healthcare,143.33,-4.73,328094,48503965.28,65918381478,459891211,9.08,15.78,2.43,59.04,3.91,5.6,20.26,7.22,0.27,2.16,160.79,100.52,71.04,109.84,6.34,61.63,65,Growth,Buy,B
WIND.N0000,Windforce PLC,Power & Energy,799.22,1.94,112722,306410914.74,236456355973,295858872,65.53,12.2,2.98,268.22,3.54,28.32,18.12,6.18,0.29,1.27,1164.74,423.26,50.7,628.88,8.2,43.21,65,Growth,Buy,B
BRWN.N0000,Brown & Company PLC,Diversified Holdings,742.18,-3.47,381711,104482046.42,160009455548,215593594,61.61,12.05,0.86,860.38,2.08,15.47,8.54,3.16,0.37,2.3,859.67,572.42,59.1,1092.12,8.3,25.11,65,Value,Buy,B
CARS.N0000,Carson Cumberbatch PLC,Diversified Holdings,607.22,-4.24,475964,129846077.07,230821161949,380125910,32.51,18.68,1.94,312.44,5.05,30.67,16.2,5.4,0.86,1.27,686.61,409.37,71.37,478.06,5.35,94.33,65,Fair Value,Buy,B
KURS.N0000,Kuruwita Resorts PLC,Hotels & Travel,535.26,0.31,298760,16435872.3,69710661322,130236624,28.32,18.9,1.37,390.22,3.54,18.94,16.35,7.91,0.72,1.7,704.75,424.58,39.51,498.66,5.29,66.86,65,Fair Value,Buy,B
AGAR.N0000,Agarapatana Plantations PLC,Plantations,329.37,4.18,149596,25452475.29,22502603497,68321132,68.51,4.81,1.53,215.78,10.7,35.24,16.75,8.46,1.16,1.97,387.05,273.84,49.04,576.74,20.8,51.43,65,Fair Value,Buy,B
MERC.N0000,Mercantile Trading PLC,Trading,45.42,-4.69,324995,18925718.54,9185304102,202230554,3.16,14.35,0.99,45.77,3.25,1.48,16.56,6.54,1.49,2.52,60.02,24.92,58.4,57.09,6.97,46.62,65,Value,Buy,B
ODEL.N0000,Odel PLC,Stores Supplies,407.1,-1.64,187755,66537230.54,86692507837,212949598,29.17,13.96,2.88,141.19,2.08,8.46,22.79,8.69,0.24,1.32,480.59,280.14,63.34,304.41,7.17,29.0,65,Growth,Buy,B
COMD.N0000,Commercial Development Company PLC,Motors,133.76,0.39,464513,54995423.91,28976863843,216639896,8.11,16.48,1.22,110.08,2.85,3.82,21.24,11.61,0.54,2.01,207.43,78.4,42.9,141.77,6.07,47.04,65,Fair Value,Buy,B
CITY.N0000,City Housing & Real Estate Company PLC,Land & Property,120.89,-1.6,350168,6530681.51,9426105118,77972494,12.11,9.98,1.89,64.06,4.58,5.54,8.66,4.2,0.25,1.3,167.86,75.59,49.1,132.12,10.02,45.76,65,Fair Value,Buy,B
EAST.N0000,East West Properties PLC,Land & Property,85.26,-0.4,293958,15154799.85,22218883661,260589747,11.31,7.54,1.03,82.47,2.56,2.19,13.09,7.24,0.96,0.87,102.11,64.3,55.44,144.88,13.27,19.33,65,Value,Buy,B
POWE.N0000,Power House PLC,Power & Energy,388.75,0.89,49996,101615438.14,7086791970,18229522,19.96,19.48,0.6,644.6,3.83,14.89,14.3,6.75,0.79,0.81,541.86,199.14,55.32,537.98,5.13,74.64,65,Fair Value,Buy,B
COCO.N0000,Renuka Agri Foods PLC,Beverage Food & Tobacco,621.78,0.16,471832,205759538.31,256901809362,413174791,38.39,16.2,2.71,229.42,3.29,20.43,33.76,19.11,0.2,1.66,708.9,439.91,67.61,445.16,6.17,53.22,65,Growth,Buy,B
WATA.N0000,Watawala Plantations PLC,Beverage Food & Tobacco,360.3,-3.9,76295,100520625.59,165471537427,459258370,15.28,23.57,0.94,383.78,3.69,13.28,30.2,9.78,0.96,2.89,426.87,229.5,66.27,363.29,4.24,86.87,65,Growth,Buy,B
PHAR.N0000,Pharma Products Manufacturing Co PLC,Manufacturing,326.84,1.91,275784,46933400.01,15001613372,45899181,20.16,16.21,1.01,324.58,2.45,8.02,11.15,6.14,0.1,2.44,374.86,231.85,66.42,383.68,6.17,39.8,65,Fair Value,Buy,B
GREG.N0000,Printcare PLC,Manufacturing,681.48,2.17,487440,298486694.71,16278396725,23886928,44.93,15.17,1.01,673.48,6.24,42.55,9.3,3.68,0.19,2.26,870.56,367.0,62.45,825.13,6.59,94.69,65,Fair Value,Buy,B
LUDW.N0000,Ludwig & Co PLC,Manufacturing,728.75,-0.27,431834,123536017.61,131352940392,180243482,49.37,14.76,1.1,664.81,3.57,26.02,9.25,5.03,0.21,0.89,856.22,463.73,67.52,859.35,6.77,52.7,65,Value,Buy,B
MCSL.N0000,Melstacorp PLC,Diversified Holdings,443.88,-1.08,260899,221596247.37,218729868747,492771505,54.38,8.16,1.86,238.42,3.36,14.94,10.62,6.3,0.55,2.13,638.53,353.33,31.75,540.09,12.25,27.47,65,Fair Value,Buy,B
CFOP.N0000,CAL Five Year Optimum Fund,Investment Trusts,375.93,1.17,6696,91066453.02,62167139392,165367664,30.38,12.37,1.91,196.46,7.77,29.19,13.39,7.39,0.8,0.8,520.35,192.82,55.91,366.46,8.08,96.1,65,Fair Value,Buy,B
ATPL.N0000,Amana Takaful PLC,Banks Finance & Insurance,335.06,-1.04,497265,37593300.51,10992903443,32808536,36.53,9.17,1.43,234.22,3.97,13.32,19.46,5.85,1.18,1.8,498.06,252.46,33.63,438.79,10.9,36.45,65,Value,Buy,B
HALY.N0000,Hayleys Fabric PLC,Footwear & Textiles,299.24,-2.3,99213,21209133.77,58728142297,196254508,17.54,17.06,1.31,228.0,2.29,6.86,11.13,4.68,0.37,1.19,373.92,209.95,54.46,299.95,5.86,39.09,65,Fair Value,Buy,B
NLF.N0000,Nation Lanka Finance PLC,Banks Finance & Insurance,515.18,3.03,17225,28080067.16,166978743957,324117901,39.64,13.0,1.93,266.73,7.7,39.68,10.3,4.51,0.68,0.91,753.23,392.56,34.0,487.72,7.69,100.1,65,Fair Value,Buy,B
KURU.N0000,Kuruwita Textiles PLC,Footwear & Textiles,153.74,4.22,476055,44209596.93,14574099343,94795160,12.88,11.94,1.02,151.28,2.24,3.44,17.96,8.13,0.7,1.72,202.6,109.76,47.37,209.39,8.38,26.74,65,Value,Buy,B
LANK.N0000,Lankem Ceylon PLC,Footwear & Textiles,744.35,-3.32,472297,9292729.43,65442039922,87917928,41.89,17.77,2.04,365.3,5.07,37.72,18.05,10.57,0.11,1.07,868.78,439.51,71.01,586.79,5.63,90.04,65,Growth,Buy,B
TCOM.N0000,Toyota Commercial PLC,Motors,278.27,-4.76,482867,103968333.89,116034402236,416990782,19.81,14.05,2.56,108.56,3.63,10.11,19.73,10.39,0.49,2.27,432.61,179.43,39.04,219.95,7.12,51.06,65,Growth,Buy,B
FUND.N0000,Fund Management PLC,Investment Trusts,478.73,-3.64,374645,30342974.48,224533086928,469013576,40.71,11.76,2.89,165.9,6.91,33.09,12.31,5.62,0.4,1.12,617.57,384.61,40.4,389.84,8.5,81.27,65,Growth,Buy,B
DIMO.N0000,Diesel & Motor Engineering PLC,Motors,360.36,-1.14,395809,25485968.55,29344875014,81431360,22.27,16.18,1.66,216.45,2.22,7.99,19.54,9.01,0.25,2.94,502.13,233.5,47.22,329.32,6.18,35.87,65,Fair Value,Buy,B
PROP.N0000,Property Lanka PLC,Land & Property,636.79,4.84,115811,102605344.14,107690489865,169114395,66.16,9.62,1.38,461.69,2.16,13.75,5.37,2.74,0.22,2.27,940.76,371.03,46.65,829.03,10.39,20.78,65,Value,Buy,B
SWAD.N0000,Swadeshi Industrial Works PLC,Manufacturing,79.72,4.87,181994,32913534.07,20543085667,257691621,10.11,7.88,2.33,34.2,3.55,2.83,21.81,10.05,0.72,0.89,114.5,49.9,46.16,88.22,12.69,27.95,65,Growth,Buy,B
CFLB.N0000,TC The Colombo Fort Land & Building PLC,Diversified Holdings,455.84,-4.92,240552,65469457.11,50920793291,111708429,27.89,16.34,1.63,279.22,5.7,25.97,17.89,5.96,0.96,2.82,653.19,237.81,52.49,418.62,6.12,93.11,65,Fair Value,Buy,B
EXPO.N0000,Expolanka Holdings PLC,Diversified Holdings,544.74,1.42,496381,10194044.86,156520859174,287333209,61.49,8.86,2.17,251.35,2.33,12.68,19.63,9.75,0.26,2.57,632.77,272.39,75.57,589.69,11.29,20.63,65,Growth,Buy,B
LLUB.N0000,Lanka Lubricants PLC,Manufacturing,718.4,-0.81,217740,138569146.33,198945972898,276928030,51.25,14.02,2.32,309.26,2.55,18.32,18.21,9.31,0.48,1.88,1047.16,368.34,51.57,597.16,7.13,35.76,60,Growth,Buy,B
VENI.N0000,Venitron PLC,Manufacturing,541.18,3.01,436955,3270014.93,76320314656,141026760,43.73,12.38,1.97,274.92,3.54,19.14,9.64,3.38,0.22,2.11,828.43,345.48,40.52,520.09,8.08,43.77,60,Fair Value,Buy,B
SIRA.N0000,Sierra Cables PLC,Manufacturing,119.83,-4.66,470551,37578629.77,6745208168,56287972,17.11,7.0,2.96,40.53,6.12,7.33,12.02,5.51,0.95,0.95,159.92,68.95,55.93,124.93,14.28,42.85,60,Growth,Buy,B
HAYL.N0000,Hayleys PLC,Diversified Holdings,179.37,-3.46,228083,43055674.03,41823950248,233167183,12.53,14.31,1.86,96.28,4.74,8.51,10.13,5.19,0.61,2.89,284.89,117.29,37.04,164.76,6.99,67.87,60,Fair Value,Buy,B
GRAN.N0000,Grain Elevators Limited,Beverage Food & Tobacco,316.99,-2.76,19974,19629493.12,156833193825,494754547,29.27,10.83,1.57,202.47,5.8,18.4,17.03,6.31,1.47,1.39,373.49,159.63,73.58,365.15,9.23,62.86,60,Fair Value,Buy,B
CHEM.N0000,Chemical Industries (Colombo) PLC,Manufacturing,317.37,-2.29,144812,154892774.68,84108396607,265013875,21.92,14.48,1.91,166.31,3.85,12.21,14.17,7.67,0.57,0.95,468.12,163.53,50.51,286.42,6.91,55.67,60,Fair Value,Buy,B
MALA.N0000,Malwatte Valley Plantations PLC,Plantations,790.38,-0.22,18700,212040876.51,187872556775,237697972,144.0,5.49,0.7,1127.94,8.27,65.37,8.91,3.21,1.03,2.21,988.21,659.92,39.74,1911.66,18.22,45.4,60,Deep Value,Buy,B
GALK.N0000,Galkissa Hotels PLC,Plantations,55.03,-4.94,211481,10130890.04,9791370754,177942926,5.25,10.48,2.57,21.45,7.09,3.9,16.13,8.17,0.67,2.86,83.44,37.8,37.75,50.34,9.54,74.34,60,Growth,Buy,B
FCT.N0000,First Capital Treasuries PLC,Banks Finance & Insurance,521.26,3.65,308493,148678703.66,218928937225,420000959,98.29,5.3,2.27,229.53,7.68,40.01,24.37,7.67,1.22,2.48,730.82,341.78,46.13,712.45,18.86,40.71,60,Growth,Buy,B
SCAP.N0000,Softlogic Capital PLC,Banks Finance & Insurance,140.65,0.84,450482,40286844.32,9607003062,68305795,16.83,8.36,2.45,57.5,9.6,13.5,24.6,10.3,1.35,1.34,170.38,80.09,67.07,147.55,11.96,80.23,60,Growth,Buy,B
JKH.N0000,John Keells Holdings PLC,Diversified Holdings,337.78,0.27,26513,34911243.62,132220781667,391439257,21.85,15.46,1.02,330.08,2.11,7.14,15.05,4.9,0.81,1.03,480.07,263.75,34.22,402.82,6.47,32.66,60,Fair Value,Buy,B
UNMO.N0000,United Motors Lanka PLC,Motors,15.55,-2.69,417203,5585585.95,7435371538,478112067,1.16,13.41,2.95,5.27,5.17,0.8,17.45,7.46,0.98,0.82,24.3,13.07,22.12,11.72,7.46,69.28,60,Growth,Buy,B
SURI.N0000,Surina Lanka PLC,Motors,66.02,-4.71,85088,11327696.27,22611135385,342470456,3.96,16.68,2.72,24.28,4.4,2.9,17.28,6.33,0.15,2.75,73.05,38.4,79.73,46.49,5.99,73.36,60,Growth,Buy,B
SHOP.N0000,Shop Lanka PLC,Stores Supplies,679.38,-0.77,472264,265448844.62,313900553627,462043001,37.19,18.27,1.21,560.19,3.57,24.28,12.76,4.23,0.87,2.74,811.83,525.84,53.69,684.67,5.47,65.3,60,Fair Value,Buy,B
GREM.N0000,Greenwich Trading PLC,Trading,603.52,-0.79,408124,23440503.65,102649453714,170085821,81.33,7.42,0.56,1075.73,2.29,13.79,12.67,4.81,1.43,2.43,845.63,303.81,55.31,1402.99,13.48,16.96,60,Deep Value,Buy,B
DARD.N0000,Darley Trading PLC,Trading,18.0,3.36,116384,8248176.31,3312075722,183969156,2.56,7.02,1.6,11.24,3.16,0.57,15.15,5.3,1.41,2.91,26.71,9.06,50.65,25.47,14.24,22.21,60,Fair Value,Buy,B
MTD.N0000,MTD Walkers PLC,Construction & Engineering,648.56,4.02,283740,145304147.17,315854992767,487006613,39.62,16.37,1.59,408.46,4.31,27.97,19.79,8.08,0.84,1.25,1021.85,527.1,24.55,603.43,6.11,70.6,60,Fair Value,Buy,B
ACCESS.N0000,Access Engineering PLC,Construction & Engineering,54.3,4.27,12354,24870341.5,5899805923,108648483,3.6,15.09,1.8,30.12,3.12,1.7,18.9,8.09,0.98,1.32,64.09,28.84,72.24,49.38,6.63,47.13,60,Fair Value,Buy,B
TRAD.N0000,Trading Company PLC,Trading,656.15,2.58,150840,113355529.0,189329120373,288543878,47.01,13.96,1.93,339.17,4.53,29.71,9.09,2.82,0.19,1.76,879.84,341.75,58.43,598.94,7.16,63.2,60,Fair Value,Buy,B
AHUN.N0000,Abans Auto PLC,Manufacturing,388.02,-4.44,205995,14756190.94,93890223756,241970331,27.81,13.95,1.82,212.85,6.66,25.83,18.97,6.72,1.26,2.38,501.23,337.0,31.07,364.97,7.17,92.86,60,Fair Value,Buy,B
HCML.N0000,Health Care Medical Services PLC,Healthcare,666.76,2.71,201634,205424045.11,204266564961,306358132,41.2,16.19,1.27,523.83,4.59,30.63,20.35,11.05,1.32,2.6,902.65,486.64,43.3,696.81,6.18,74.35,60,Fair Value,Buy,B
RIVI.N0000,River Resort PLC,Hotels & Travel,91.89,3.42,384201,38545083.23,4174712594,45432938,3.42,26.84,0.78,117.61,3.48,3.2,15.49,7.93,0.97,1.51,145.42,76.91,21.86,95.18,3.73,93.45,60,Growth,Buy,B
UBC.N0000,Union Bank of Colombo PLC,Banks Finance & Insurance,260.35,4.36,474269,48525931.24,30221194041,116078026,18.99,13.71,1.12,233.3,3.47,9.04,18.4,10.08,1.19,1.6,397.88,203.16,29.37,315.75,7.29,47.58,60,Value,Buy,B
SHIP.N0000,Shipping Lanka PLC,Services,126.02,-1.46,268044,47602255.52,55991325867,444295822,6.31,19.96,2.62,48.07,3.93,4.95,19.3,6.21,0.3,1.58,200.76,70.17,42.77,82.64,5.01,78.43,60,Growth,Buy,B
CTC.N0000,Ceylon Tobacco Company PLC,Beverage Food & Tobacco,642.05,-0.43,182172,271015059.58,183667180410,286062014,26.25,24.46,1.63,393.57,5.14,33.03,34.09,19.54,1.0,0.91,727.6,355.31,77.02,482.09,4.09,125.84,60,Growth,Buy,B
REEF.N0000,Reef Holdings PLC,Diversified Holdings,454.35,-1.2,288839,182515942.93,133593578562,294031869,49.59,9.16,1.81,251.55,4.74,21.54,17.2,6.53,1.07,2.19,637.65,391.3,25.59,529.79,10.91,43.43,60,Fair Value,Buy,B
ACME.N0000,Acme Printing & Packaging PLC,Manufacturing,184.53,-1.61,455867,71928329.72,19734361727,106944137,10.28,17.96,1.53,120.34,3.44,6.35,15.14,5.51,0.88,1.8,238.95,157.96,32.81,166.8,5.57,61.8,60,Fair Value,Buy,B
SOFT.N0000,Softlogic Holdings PLC,Diversified Holdings,19.3,3.3,75112,8342041.59,9404444302,487295171,1.48,13.07,1.21,15.97,4.04,0.78,19.75,11.77,1.46,1.79,29.27,14.42,32.88,23.03,7.65,52.8,60,Value,Buy,B
RAIG.N0000,Raigam Wayamba Salterns PLC,Beverage Food & Tobacco,167.82,0.9,107217,10006998.97,30577225887,182203649,12.39,13.54,2.89,58.07,3.33,5.59,34.31,16.69,0.67,0.9,192.02,103.29,72.73,127.25,7.39,45.14,60,Growth,Buy,B
BUIL.N0000,Building Materials PLC,Construction & Engineering,543.0,-2.09,88077,43280603.57,214314146519,394686596,89.03,6.1,2.8,194.13,5.42,29.44,10.12,4.92,0.96,2.63,621.9,323.22,73.58,623.58,16.4,33.07,60,Growth,Buy,B
CTHR.N0000,C T Holdings PLC,Diversified Holdings,683.79,-4.07,177134,337683990.14,48283182232,70611221,40.61,16.84,2.47,276.3,5.55,37.96,10.82,4.56,0.29,1.02,892.13,391.83,58.36,502.43,5.94,93.49,60,Growth,Buy,B
AUTO.N0000,Auto Parts Lanka PLC,Motors,78.26,0.93,243726,12476529.03,23845767282,304689520,4.31,18.16,1.88,41.61,3.32,2.6,10.03,5.25,0.57,1.14,86.63,55.49,73.12,63.52,5.51,60.32,55,Fair Value,Buy,B
BPRO.N0000,Bimputh Property PLC,Land & Property,56.83,0.53,99150,19657959.82,25048126415,440793677,7.53,7.55,1.86,30.56,3.18,1.81,8.79,3.45,0.86,2.03,71.51,29.55,65.0,71.96,13.25,23.98,55,Fair Value,Buy,B
FOOT.N0000,Footwear Lanka PLC,Footwear & Textiles,670.28,-0.84,164540,53809664.21,287153949630,428410502,50.14,13.37,1.58,425.07,2.08,13.96,12.84,5.51,0.73,2.85,837.55,422.06,59.74,692.51,7.48,27.84,55,Fair Value,Buy,B
CIVI.N0000,Civil Engineering PLC,Construction & Engineering,480.89,-1.31,162866,173214896.51,215307897522,447725861,39.95,12.04,2.24,214.63,3.25,15.65,19.85,9.59,0.81,0.95,697.8,418.3,22.39,439.21,8.31,39.17,55,Growth,Buy,B
PMF.N0000,PMF Finance PLC,Banks Finance & Insurance,619.44,4.94,276625,179140037.9,74291462882,119933217,70.89,8.74,2.72,227.61,4.01,24.84,11.16,4.07,0.76,2.09,800.69,328.74,61.6,602.53,11.44,35.05,55,Growth,Buy,B
CITH.N0000,Citrus Leisure PLC,Hotels & Travel,23.0,-1.16,337087,435658.89,6221206831,270537996,1.42,16.24,1.75,13.14,2.57,0.59,15.43,5.05,0.7,2.66,31.61,19.33,29.88,20.46,6.16,41.68,55,Fair Value,Buy,B
COUR.N0000,Courier Services PLC,Services,424.23,-4.12,486286,170194540.55,160228309582,377692334,21.43,19.8,0.57,743.44,2.51,10.65,18.63,6.37,1.34,2.81,669.46,223.53,45.01,598.66,5.05,49.69,55,Fair Value,Buy,B
CENG.N0000,Ceylon Engineering PLC,Construction & Engineering,635.32,-0.1,432656,74457410.83,295662965071,465378532,37.81,16.8,1.16,549.0,3.59,22.81,15.76,6.0,1.16,2.98,1002.27,398.68,39.2,683.37,5.95,60.33,55,Fair Value,Buy,B
INFR.N0000,Infrastructure PLC,Construction & Engineering,361.33,3.72,75162,129352100.34,80752042542,223482540,31.8,11.36,2.48,145.63,5.11,18.45,12.57,7.14,0.61,2.47,493.35,309.82,28.07,322.78,8.8,58.04,55,Growth,Buy,B
CEL.N0000,Ceylinco Holdings PLC,Diversified Holdings,712.24,-0.13,136053,7895602.5,311885265919,437896210,71.7,9.93,1.21,588.67,2.32,16.5,13.9,6.45,1.28,2.51,791.47,440.88,77.4,974.51,10.07,23.02,55,Value,Buy,B
YORK.N0000,York Arcade Holdings PLC,Diversified Holdings,357.56,-3.56,458124,18109934.1,152280884541,425891794,20.29,17.62,0.94,381.76,3.76,13.44,14.32,5.77,1.49,1.04,450.61,272.5,47.75,417.49,5.68,66.23,55,Fair Value,Buy,B
AMANA.N0000,Amana Bank PLC,Banks Finance & Insurance,443.78,-3.05,31771,55129318.28,182500670430,411245355,55.9,7.94,2.98,148.69,4.97,22.04,22.92,9.22,1.15,0.84,662.47,312.33,37.54,432.44,12.6,39.43,55,Growth,Buy,B
SEYB.N0000,Seylan Bank PLC,Banks Finance & Insurance,563.38,-4.52,243097,225983015.27,6392408171,11346501,46.42,12.14,2.53,222.64,3.3,18.58,15.97,8.78,0.95,2.0,854.96,484.74,21.24,482.22,8.24,40.02,55,Growth,Buy,B
LOGIS.N0000,Logistics Lanka PLC,Services,375.32,0.5,52805,153398434.42,37514038760,99952690,16.48,22.77,1.65,227.8,2.94,11.05,18.79,6.81,0.39,2.4,455.87,238.67,62.91,290.64,4.39,67.05,55,Growth,Buy,B
SPEN.N0000,Aitken Spence Hotel Holdings PLC,Diversified Holdings,526.75,-1.1,424032,8622726.44,45049049935,85521855,55.59,9.48,2.48,212.43,4.4,23.19,10.32,6.16,0.92,2.24,755.46,352.75,43.21,515.45,10.55,41.72,55,Growth,Buy,B
COMP.N0000,Computer Services PLC,Information Technology,705.59,-1.17,312949,31095317.77,162256097828,229958017,51.99,13.57,0.84,835.95,0.36,2.54,22.41,11.08,1.02,1.98,830.06,362.29,73.39,988.83,7.37,4.88,55,Value,Buy,B
RENU.N0000,Renuka Holdings PLC,Beverage Food & Tobacco,357.64,-3.17,351923,165715541.64,6314815120,17657027,14.36,24.91,0.81,441.92,3.47,12.4,32.53,16.27,1.23,2.13,445.87,185.06,66.17,377.84,4.01,86.37,55,Growth,Buy,B
ACL.N0000,ACL Cables PLC,Manufacturing,519.14,4.62,126835,59238876.41,197530995054,380497089,37.97,13.67,2.35,220.9,2.27,11.8,14.35,5.09,0.38,1.37,639.51,454.53,34.93,434.43,7.31,31.09,55,Growth,Buy,B
TECH.N0000,Tech Systems PLC,Information Technology,179.77,4.41,314005,11004710.17,57893172092,322036664,10.16,17.7,0.9,200.01,1.04,1.88,17.13,5.93,0.94,1.75,207.1,161.05,40.65,213.78,5.65,18.49,55,Fair Value,Buy,B
JKHT.N0000,John Keells Hotels PLC,Hotels & Travel,540.95,-3.29,225260,147644233.42,144588916609,267287042,26.87,20.13,1.5,359.71,3.01,16.26,11.7,6.71,0.44,2.45,833.13,357.14,38.62,466.35,4.97,60.51,55,Growth,Buy,B
RICH.B0000,RPC Agricultural Holding PLC,Beverage Food & Tobacco,526.05,1.14,336679,101787192.21,93416084594,177580991,22.5,23.38,0.57,925.3,4.57,24.06,23.45,11.07,1.4,1.61,653.92,324.06,61.23,684.4,4.28,106.95,55,Growth,Buy,B
MADU.N0000,Madulsima Plantations PLC,Plantations,59.13,-3.12,428768,3944029.81,25314158272,428130042,7.99,7.4,2.22,26.68,6.28,3.72,19.89,10.54,1.3,1.43,72.88,45.65,49.48,69.28,13.52,46.47,55,Growth,Buy,B
VIDY.N0000,Vidya Holdings PLC,Power & Energy,665.28,2.29,114447,313793435.92,273086472382,410481476,34.75,19.15,1.5,442.36,3.78,25.15,14.55,7.26,0.65,1.09,1058.0,592.6,15.62,588.09,5.22,72.39,55,Fair Value,Buy,B
OSEA.N0000,Overseas Realty (Ceylon) PLC,Land & Property,310.87,-2.31,118989,77754803.81,76535013830,246196541,59.91,5.19,2.02,153.69,3.51,10.91,5.72,1.89,0.16,1.81,405.52,268.21,31.07,455.17,19.27,18.22,55,Growth,Buy,B
CITL.N0000,Citrus Hotels Lanka PLC,Hotels & Travel,111.38,-1.84,375016,16299942.17,48037988994,431291516,10.34,10.77,1.2,92.54,3.47,3.86,6.65,3.3,0.57,2.4,141.39,74.71,54.99,146.71,9.28,37.37,55,Value,Buy,B
TALA.N0000,Talawakelle Tea Estates PLC,Plantations,327.57,4.44,439468,48247758.55,48662198245,148556197,28.52,11.48,1.57,208.54,6.54,21.42,8.3,2.6,0.85,1.06,472.82,243.47,36.67,365.84,8.71,75.09,55,Fair Value,Buy,B
BLUE.N0000,Blue Diamonds Jewellery Worldwide PLC,Trading,218.49,4.14,41031,108062119.66,36252716561,165923125,19.96,10.95,2.67,81.91,3.6,7.87,12.59,4.11,0.51,1.34,276.33,190.61,32.52,191.78,9.13,39.44,50,Growth,Hold,C
SING.N0000,Singer (Sri Lanka) PLC,Motors,596.14,1.34,245405,136148147.8,96564008825,161982595,32.66,18.25,2.37,251.64,2.56,15.27,10.9,4.34,0.49,1.95,719.67,346.49,66.9,430.04,5.48,46.75,50,Growth,Hold,C
LDEV.N0000,Land Development Corporation PLC,Land & Property,257.24,-3.52,189612,37347620.14,111108929841,431919223,17.65,14.57,0.94,273.55,3.05,7.85,9.78,4.06,1.36,2.59,360.33,129.08,55.42,329.63,6.86,44.45,50,Value,Hold,C
KZOO.N0000,Kandy Hotels Company (1938) PLC,Hotels & Travel,355.96,-2.19,92315,68492223.32,122036005596,342836018,32.95,10.8,1.74,204.36,2.07,7.36,16.0,7.37,1.17,1.03,423.76,312.67,38.97,389.21,9.26,22.34,50,Fair Value,Hold,C
SERP.N0000,Serendib Land PLC,Diversified Holdings,493.03,0.92,426970,87759565.5,56032771439,113648821,32.16,15.33,1.13,436.1,4.42,21.81,12.81,6.31,1.11,2.14,750.4,372.08,31.97,561.72,6.52,67.84,50,Fair Value,Hold,C
VONE.N0000,Vallibel One PLC,Diversified Holdings,91.17,-3.82,311101,35049479.77,32606552099,357643697,7.02,12.99,2.64,34.6,3.19,2.91,9.74,4.35,0.28,1.57,114.07,59.34,58.16,73.91,7.7,41.44,50,Growth,Hold,C
VEGE.N0000,Vegetable Oil PLC,Oil Palms,476.33,-0.04,36977,114119519.66,228608710476,479932988,34.74,13.71,1.45,328.19,6.2,29.51,9.84,5.18,1.25,2.36,725.11,347.13,34.18,506.48,7.29,84.96,50,Value,Hold,C
KAP.N0000,Kapruka Holdings PLC,Services,83.87,-3.31,380440,4610001.71,12156869709,144942690,4.19,19.99,2.39,35.16,3.05,2.56,17.17,9.21,0.67,1.2,108.12,60.13,49.47,57.6,5.0,61.03,50,Growth,Hold,C
DIST.N0000,Distilleries Company of Sri Lanka PLC,Beverage Food & Tobacco,29.75,1.16,126398,5055719.4,10474811469,352084769,1.8,16.5,2.02,14.75,5.32,1.58,25.46,13.66,1.28,1.63,39.91,17.13,55.39,24.47,6.06,87.79,50,Growth,Hold,C
CARG.N0000,Cargills (Ceylon) PLC,Beverage Food & Tobacco,517.57,-1.68,45484,176665380.27,204838895020,395769339,31.72,16.32,2.89,179.06,6.88,35.61,27.69,10.71,1.14,2.56,762.44,362.74,38.74,357.48,6.13,112.27,50,Growth,Hold,C
WPKB.N0000,Wykhem Manufacturing Company PLC,Manufacturing,497.53,0.64,275533,41554925.64,187032705805,375925182,28.41,17.51,1.41,352.55,4.92,24.47,11.48,5.23,1.08,1.53,568.23,310.9,72.52,474.7,5.71,86.14,50,Fair Value,Hold,C
CTEA.N0000,Ceylon Tea Brokers PLC,Beverage Food & Tobacco,72.13,-3.85,314805,26050156.93,9643964364,133702279,6.95,10.38,2.1,34.35,3.37,2.43,30.96,15.43,1.27,0.93,98.14,42.96,52.86,73.3,9.64,34.93,50,Growth,Hold,C
LGIL.N0000,Lighthouse Hotel PLC,Hotels & Travel,174.35,4.16,100756,85175432.16,41930735216,240502497,7.33,23.8,2.75,63.49,3.18,5.54,16.63,9.57,0.42,2.7,209.37,141.42,48.46,102.3,4.2,75.62,50,Growth,Hold,C
ANTI.N0000,Anti Corrosion Metals PLC,Manufacturing,63.52,-3.05,269806,19593154.17,18559763713,292166093,4.22,15.06,0.73,86.96,2.6,1.65,10.87,5.81,1.14,2.11,80.01,45.19,52.65,90.85,6.64,39.19,50,Fair Value,Hold,C
HHL.N0000,Harischandra Mills PLC,Beverage Food & Tobacco,458.97,-0.97,140705,32641726.78,106393938221,231810737,18.67,24.58,2.82,162.99,3.31,15.18,16.87,8.77,0.39,1.99,675.83,296.67,42.8,261.67,4.07,81.32,50,Growth,Hold,C
COOP.N0000,Co-operative Insurance Company PLC,Banks Finance & Insurance,727.05,-3.93,473669,218948287.86,309122179954,425170526,91.55,7.94,2.28,318.51,7.9,57.41,14.34,7.62,1.37,1.02,1060.1,496.04,40.96,809.97,12.59,62.71,50,Growth,Hold,C
DFCC.N0000,DFCC Bank PLC,Banks Finance & Insurance,53.57,-3.46,448945,21072104.85,22859200155,426744300,3.65,14.69,2.95,18.15,8.28,4.44,15.04,6.35,1.12,2.71,73.16,31.94,52.47,38.59,6.81,121.68,50,Growth,Hold,C
CFYE.N0000,CAL Five Year Closed End Fund,Investment Trusts,632.28,0.11,496522,157049410.97,207455781150,328107819,48.92,12.93,1.89,335.22,4.22,26.66,13.82,7.42,1.18,2.07,797.8,467.23,49.93,607.41,7.74,54.51,50,Fair Value,Hold,C
COMN.N0000,Commerce Trading PLC,Trading,115.77,-4.14,344572,5000362.01,32030682687,276686907,8.42,13.74,1.75,66.16,3.18,3.68,14.12,5.72,1.41,2.73,158.92,78.37,46.43,111.97,7.28,43.69,50,Fair Value,Hold,C
WASA.N0000,Waskaduwa Beach Resort PLC,Hotels & Travel,734.51,2.96,120598,87972583.84,12995184299,17692399,33.18,22.14,0.87,847.01,2.19,16.07,12.28,6.14,0.63,1.78,1099.36,449.23,43.88,795.23,4.52,48.42,50,Growth,Hold,C
GHOT.N0000,Gateway Hotels PLC,Hotels & Travel,301.39,-0.25,184496,97185353.67,137235720563,455350116,16.79,17.95,2.44,123.3,3.47,10.47,17.4,8.2,0.98,2.8,341.87,224.97,65.37,215.81,5.57,62.38,50,Growth,Hold,C
BALA.N0000,Balangoda Plantations PLC,Plantations,245.32,-4.17,105298,92475916.9,120090860692,489531511,22.02,11.14,2.97,82.61,6.52,16.0,20.0,6.6,1.2,1.52,355.74,155.88,44.75,202.31,8.98,72.68,50,Growth,Hold,C
HATU.N0000,Hatton Plantations PLC,Plantations,799.98,-4.19,105989,23238190.92,359198114731,449008295,177.32,4.51,1.77,451.37,6.44,51.48,8.75,5.0,1.25,1.0,1013.51,433.69,63.17,1341.94,22.17,29.03,50,Fair Value,Hold,C
LOFC.N0000,LOLC Holdings PLC,Diversified Holdings,62.11,4.92,357360,21220079.07,13026369213,209721667,3.19,19.48,2.67,23.23,3.23,2.01,19.88,9.49,0.87,2.74,69.35,43.72,71.78,40.83,5.13,62.95,50,Growth,Hold,C
UDPL.N0000,Udapussellawa Plantations PLC,Plantations,279.27,-4.1,199537,89621880.28,75957378488,271982210,27.12,10.3,2.52,110.71,6.77,18.89,16.91,8.33,1.42,1.6,386.68,250.0,21.42,259.9,9.71,69.68,50,Growth,Hold,C
KOTA.N0000,Kotagala Plantations PLC,Plantations,629.63,2.98,148402,262837761.43,247462865516,393029974,69.37,9.08,2.49,253.15,9.41,59.22,12.58,5.21,1.3,1.61,826.54,512.01,37.4,628.59,11.02,85.37,50,Growth,Hold,C
LALU.N0000,Lanka Aluminium Industries PLC,Manufacturing,698.02,-2.72,330786,198263667.43,152796412910,218898258,67.41,10.35,2.45,284.92,6.34,44.29,19.38,6.0,1.02,1.39,957.21,396.02,53.82,657.38,9.66,65.7,50,Growth,Hold,C
LCEY.N0000,Lanka Century Investments PLC,Manufacturing,600.41,2.62,442531,28303411.11,72558504933,120847868,48.37,12.41,1.3,462.97,2.39,14.36,10.14,4.22,1.08,1.68,703.68,359.2,70.02,709.84,8.06,29.69,50,Value,Hold,C
RGEM.N0000,R I L Property PLC,Diversified Holdings,601.04,3.98,71894,160563045.33,176330429386,293375263,55.26,10.88,2.59,231.95,3.17,19.02,19.5,6.55,1.4,1.78,922.78,420.77,35.91,537.01,9.19,34.43,45,Growth,Hold,C
CCS.N0000,Ceylon Cold Stores PLC,Beverage Food & Tobacco,753.43,3.79,457173,213611599.63,298516400206,396208209,32.19,23.4,1.57,479.34,4.51,33.98,22.3,7.0,1.48,2.91,1079.91,468.67,46.59,589.23,4.27,105.54,45,Growth,Hold,C
JETS.N0000,Serendib Hotels PLC,Hotels & Travel,97.07,0.65,388565,33799344.17,16839163724,173481422,4.88,19.89,1.13,85.88,2.54,2.47,11.93,5.62,1.14,0.93,146.73,84.39,20.33,97.11,5.03,50.61,45,Fair Value,Hold,C
TILE.N0000,Lanka Tiles PLC,Manufacturing,790.88,3.07,427878,360407235.15,294502921079,372374578,67.64,11.69,1.65,478.41,2.84,22.45,10.99,5.98,1.29,1.02,1024.85,425.05,60.99,853.29,8.55,33.2,45,Fair Value,Hold,C
FREI.N0000,Freight Lanka PLC,Services,70.09,4.99,169745,20177964.36,31995071636,456505205,5.3,13.22,1.79,39.24,1.04,0.73,11.09,4.18,0.73,2.23,101.06,40.6,48.77,68.42,7.57,13.79,45,Fair Value,Hold,C
GOOD.N0000,Goodhope Asia Holdings PLC,Oil Palms,666.82,-4.22,389793,12999193.4,29682388784,44513265,50.75,13.14,1.47,454.88,3.43,22.84,9.75,4.83,1.5,2.85,748.36,576.6,52.53,720.73,7.61,45.0,45,Value,Hold,C
SUN.N0000,Sunshine Holdings PLC,Diversified Holdings,264.87,-0.16,280868,12910048.38,119026465193,449373983,17.49,15.14,1.9,139.3,4.94,13.08,11.2,4.73,1.18,0.87,358.49,222.81,31.0,234.14,6.6,74.79,45,Fair Value,Hold,C
BOPL.N0000,Bogala Graphite Lanka PLC,Manufacturing,692.7,2.02,196548,218401529.25,95476005476,137832635,82.23,8.42,2.04,339.47,4.56,31.6,13.93,7.14,1.42,1.11,890.08,569.23,38.48,792.5,11.87,38.43,45,Growth,Hold,C
AMF.N0000,Associated Motor Finance Company PLC,Banks Finance & Insurance,358.52,-4.56,254522,111639076.23,10128070742,28249881,30.87,11.61,2.49,143.92,9.28,33.27,11.12,4.89,1.43,1.84,555.55,317.07,17.38,316.17,8.61,107.77,45,Growth,Hold,C
TESS.N0000,Teejay Lanka PLC,Footwear & Textiles,41.8,4.24,215565,2426972.14,7974379105,190775805,3.95,10.57,1.77,23.66,2.06,0.86,13.19,7.43,1.3,0.85,47.35,22.57,77.62,45.88,9.46,21.76,45,Fair Value,Hold,C
ATLL.N0000,Amana Takaful Life PLC,Banks Finance & Insurance,540.7,-2.51,349837,254536622.69,68460224940,126614315,37.05,14.59,2.65,204.31,6.97,37.71,11.25,3.52,1.22,1.89,753.14,438.94,32.39,412.7,6.85,101.79,45,Growth,Hold,C
BIOC.N0000,Biochem Lanka PLC,Chemicals & Pharmaceuticals,50.09,4.72,150445,1677923.72,9219951658,184082922,2.51,19.95,2.4,20.89,6.04,3.02,17.85,9.73,1.41,2.09,59.39,32.74,65.09,34.35,5.01,120.49,45,Growth,Hold,C
MBSL.N0000,Merchant Bank of Sri Lanka PLC,Banks Finance & Insurance,360.3,0.24,210919,85111894.53,45665988897,126743062,30.49,11.82,2.49,144.54,6.38,22.98,10.07,4.65,1.34,2.28,474.63,280.56,41.09,314.89,8.46,75.36,45,Growth,Hold,C
TABS.N0000,Teejay Lanka PLC,Footwear & Textiles,205.51,2.33,430963,31395838.48,55884693807,271935982,12.71,16.16,2.44,84.3,5.71,11.73,19.35,8.07,1.21,2.41,307.8,134.7,40.9,155.3,6.19,92.23,45,Growth,Hold,C
BRAN.N0000,Brandix Lanka PLC,Footwear & Textiles,422.87,0.51,292908,32819732.12,118574170508,280402061,23.78,17.79,2.32,182.11,5.44,23.01,16.6,7.98,1.43,1.69,493.99,226.11,73.45,312.12,5.62,96.8,45,Growth,Hold,C
VPEL.N0000,Vidullanka PLC,Power & Energy,203.78,-2.28,248204,69228623.61,74147263446,363868060,16.55,12.32,2.79,72.95,4.55,9.28,17.52,7.24,1.06,2.01,278.02,159.49,37.36,164.8,8.12,56.09,45,Growth,Hold,C
CINV.N0000,Ceylon Guardian Investment Trust PLC,Banks Finance & Insurance,577.15,-1.26,129966,162200803.11,64749186636,112188232,40.43,14.27,2.52,228.88,7.54,43.55,13.78,6.48,1.06,2.47,694.59,488.21,43.09,456.32,7.01,107.7,45,Growth,Hold,C
RICH.N0000,Richard Pieris & Company PLC,Diversified Holdings,480.01,2.87,96120,231645038.26,6370013881,13270637,41.36,11.61,2.98,160.86,2.37,11.37,13.06,6.65,0.55,2.06,565.05,310.61,66.58,386.91,8.62,27.49,45,Growth,Hold,C
NHOT.N0000,Nuwara Eliya Hotels PLC,Hotels & Travel,596.29,-0.21,390859,215037718.28,73232322790,122813575,25.4,23.47,2.84,209.95,3.85,22.98,12.41,4.74,0.48,1.11,894.32,334.73,46.74,346.41,4.26,90.48,45,Growth,Hold,C
SHEL.N0000,The Kingsbury PLC,Hotels & Travel,793.86,-3.37,117764,78597873.75,270529636539,340777265,57.27,13.86,2.52,315.38,0.53,4.21,13.01,5.31,0.41,2.0,1250.87,398.13,46.41,637.5,7.21,7.35,45,Growth,Hold,C
EDEN.N0000,Eden Hotel Lanka PLC,Hotels & Travel,665.72,1.58,111504,38507541.5,92859154914,139487355,30.92,21.53,1.29,515.45,2.29,15.27,14.09,6.19,0.73,0.95,912.23,414.68,50.45,598.79,4.64,49.4,45,Growth,Hold,C
AITK.N0000,Aitken Spence PLC,Diversified Holdings,709.27,1.51,466342,64520215.8,23374094886,32955090,52.37,13.54,2.77,255.76,3.73,26.44,17.7,9.83,1.31,1.71,921.87,468.95,53.06,548.94,7.38,50.49,45,Growth,Hold,C
ASIR.N0000,Asiri Hospital Holdings PLC,Healthcare,287.78,3.26,179090,110417904.53,100490472747,349192138,16.68,17.25,1.35,212.44,1.11,3.19,20.12,8.32,1.32,2.19,383.44,146.47,59.63,282.4,5.8,19.13,45,Fair Value,Hold,C
LDEN.N0000,Laugfs Holdings PLC,Stores Supplies,39.84,-0.62,59796,9959539.37,11623979558,291735085,3.02,13.21,2.18,18.24,2.6,1.04,13.71,6.67,0.61,1.46,54.12,24.34,52.06,35.17,7.57,34.35,45,Growth,Hold,C
BREW.N0000,Ceylon Beverage Holdings PLC,Beverage Food & Tobacco,401.3,-2.85,83563,194805549.25,17263557769,43019082,17.17,23.37,2.07,194.05,3.39,13.62,15.84,7.59,0.52,2.0,490.18,320.92,47.49,273.8,4.28,79.31,40,Growth,Hold,C
NEST.N0000,Nestle Lanka PLC,Beverage Food & Tobacco,124.76,-2.01,46778,50899527.55,60076264516,481536169,6.18,20.2,2.08,59.95,5.97,7.45,24.09,11.42,1.15,1.57,177.59,95.18,35.89,91.27,4.95,120.58,40,Growth,Hold,C
SERV.N0000,Service Industries PLC,Services,702.81,-2.23,107196,281953157.17,66089535375,94036770,29.33,23.96,2.39,293.88,1.75,12.29,21.85,10.03,0.14,0.92,871.32,519.04,52.16,440.36,4.17,41.9,40,Growth,Hold,C
INFO.N0000,InfoTech Lanka PLC,Information Technology,714.94,-3.69,446052,285261631.73,7537801870,10543273,22.27,32.11,2.98,240.22,2.26,16.19,21.25,9.81,0.62,1.45,955.18,497.03,47.56,346.93,3.11,72.71,40,Growth,Hold,C
TRAN.N0000,Trans Asia Hotels PLC,Hotels & Travel,166.51,-2.95,198074,16673458.16,33422668089,200721729,7.87,21.15,1.96,84.9,1.77,2.95,10.22,4.9,0.22,1.72,216.07,147.77,27.44,122.62,4.73,37.46,40,Growth,Hold,C
AGAL.N0000,Amaya Leisure PLC,Hotels & Travel,275.26,4.95,82797,56365263.6,32031305710,116366935,16.37,16.81,0.92,300.04,0.16,0.44,6.92,3.63,0.58,2.21,379.89,174.71,49.01,332.44,5.95,2.68,40,Fair Value,Hold,C
THUN.N0000,The Fortress Resorts PLC,Hotels & Travel,354.44,-2.93,323248,144424447.85,14930644339,42125113,30.44,11.64,1.6,221.21,3.45,12.22,9.74,5.15,1.25,1.65,564.17,199.12,42.55,389.26,8.59,40.15,40,Fair Value,Hold,C
CAPI.N0000,Capital Development & Investment Company PLC,Land & Property,568.49,-2.82,326496,200612687.38,182116744635,320353796,47.47,11.97,1.86,306.05,4.61,26.18,5.44,2.81,1.5,0.97,863.46,436.12,30.98,571.76,8.35,55.15,40,Fair Value,Hold,C
APPA.N0000,Apparel Lanka PLC,Footwear & Textiles,756.5,-3.44,498039,348193717.41,83446822112,110306607,42.76,17.69,1.49,506.79,4.93,37.29,9.12,3.92,1.17,2.02,1196.14,637.91,21.24,698.3,5.65,87.2,40,Fair Value,Hold,C
SFCL.N0000,Singer Finance Lanka PLC,Banks Finance & Insurance,282.64,-0.91,154741,52055054.23,69616585631,246307947,23.39,12.08,2.92,96.84,3.92,11.08,12.69,3.91,1.4,1.66,310.92,218.48,69.41,225.75,8.28,47.35,40,Growth,Hold,C
CESS.N0000,Ceyline Trading PLC,Trading,414.54,1.98,127283,79323651.14,19916784991,48045895,26.65,15.55,1.36,304.04,4.47,18.53,9.65,5.66,1.46,1.44,490.45,285.54,62.95,426.98,6.43,69.54,40,Fair Value,Hold,C
COLO.N0000,Colombo Land & Development Company PLC,Land & Property,702.02,0.91,491754,171222634.57,170136927316,242353195,119.56,5.87,0.6,1176.28,1.39,9.79,9.15,3.75,1.08,1.89,891.02,576.43,39.92,1778.84,17.03,8.19,40,Deep Value,Hold,C
SLTL.N0000,Sri Lanka Telecom PLC,Telecommunications,69.07,-2.75,427341,11361248.74,2997402207,43394178,4.45,15.52,2.05,33.77,6.75,4.66,13.77,4.6,1.4,1.98,80.16,56.71,52.73,58.16,6.44,104.78,40,Growth,Hold,C
HAYC.N0000,Haycarb PLC,Manufacturing,205.1,3.4,180419,51477033.49,21781702465,106201527,11.51,17.82,2.68,76.62,5.94,12.19,9.62,3.88,0.7,1.32,229.6,176.35,53.99,140.87,5.61,105.89,40,Growth,Hold,C
CONN.N0000,Connaissance Holdings PLC,Hotels & Travel,570.45,-3.55,264993,134087063.04,24246975670,42504768,22.98,24.82,1.4,406.83,1.69,9.65,16.66,7.42,0.87,0.9,660.69,474.35,51.57,458.68,4.03,41.98,40,Growth,Hold,C
SIGV.N0000,Sigiriya Village Hotels PLC,Hotels & Travel,421.06,-4.98,495126,120171486.98,6707045440,15929086,17.4,24.2,1.91,220.75,0.03,0.12,13.55,6.48,0.11,2.88,648.48,282.38,37.88,293.95,4.13,0.69,40,Growth,Hold,C
CALF.N0000,Capital Alliance PLC,Banks Finance & Insurance,774.65,-1.77,37305,139011511.87,376760109827,486363761,64.52,12.01,2.68,289.21,3.09,23.95,13.37,6.89,1.49,2.4,1004.48,415.83,60.96,647.95,8.33,37.12,40,Growth,Hold,C
WINN.N0000,Winnings Lanka PLC,Healthcare,56.46,4.17,262433,17340799.48,8777005164,155456517,1.96,28.8,1.38,40.87,2.46,1.39,16.08,8.75,1.38,1.38,79.02,39.32,43.17,42.46,3.47,70.87,40,Growth,Hold,C
NAMU.N0000,Namunukula Plantations PLC,Plantations,204.13,2.91,398500,86165371.63,23041952739,112876583,25.6,7.98,2.76,73.91,6.47,13.2,8.78,3.84,1.43,0.97,237.62,164.83,54.0,206.32,12.54,51.59,40,Growth,Hold,C
EMER.N0000,Emerald Sri Lanka Hotels & Restaurants PLC,Hotels & Travel,464.42,3.49,309447,189234294.73,77302975145,166451073,23.31,19.92,1.38,336.12,1.62,7.53,15.19,4.68,1.19,2.31,623.15,286.82,52.8,419.89,5.02,32.28,40,Fair Value,Hold,C
CIC.N0000,CIC Holdings PLC,Diversified Holdings,37.59,-1.91,227390,626848.79,13422220906,357110433,2.25,16.7,1.96,19.14,4.92,1.85,9.33,5.49,1.38,2.43,44.89,23.15,66.41,31.13,5.99,82.26,35,Fair Value,Avoid,D
RPBH.N0000,Riverina Resorts PLC,Hotels & Travel,591.29,-1.46,78074,91234051.7,134237421787,227025287,34.83,16.98,1.92,307.72,3.7,21.88,6.55,3.41,1.01,2.43,700.8,319.82,71.26,491.09,5.89,62.81,35,Fair Value,Avoid,D
GHLL.N0000,Hotel Developers Lanka PLC,Hotels & Travel,97.1,-3.44,350285,9234620.37,33421099352,344177749,4.24,22.88,2.33,41.59,3.32,3.23,8.84,4.67,0.29,1.53,108.92,66.37,72.23,63.02,4.37,75.99,35,Growth,Avoid,D
HUNA.N0000,Hunas Falls Hotels PLC,Hotels & Travel,755.66,-3.55,82190,226725171.7,304048591120,402360915,29.78,25.38,2.08,363.55,0.68,5.13,16.06,8.77,0.32,0.9,998.63,526.11,48.58,493.53,3.94,17.21,35,Growth,Avoid,D
WAPO.N0000,Watapota Plantations PLC,Diversified Holdings,112.97,-3.96,154080,8341907.8,29277431556,259167303,7.18,15.73,2.0,56.42,2.25,2.55,16.21,5.81,1.1,2.49,168.14,93.49,26.1,95.48,6.36,35.46,35,Growth,Avoid,D
RWSL.N0000,Regnis Lanka PLC,Manufacturing,535.66,-4.57,56788,35763907.68,71515507445,133508034,32.96,16.25,2.58,207.81,2.05,10.97,15.04,5.28,1.23,2.83,747.67,317.1,50.76,392.59,6.15,33.28,35,Growth,Avoid,D
KGAL.N0000,Keells Food Products PLC,Beverage Food & Tobacco,704.1,2.55,162524,135359221.92,167019573616,237210891,32.23,21.85,2.09,337.11,6.94,48.85,16.88,6.38,1.09,2.4,856.86,596.77,41.26,494.39,4.58,151.58,35,Growth,Avoid,D
PALM.N0000,Palm Garden Hotels PLC,Hotels & Travel,355.07,-0.47,181502,83256824.34,20579171651,57958317,19.2,18.49,1.74,203.84,3.44,12.23,9.61,5.34,1.44,2.95,412.46,191.89,73.98,296.74,5.41,63.69,35,Fair Value,Avoid,D
SHOT.N0000,Serendib Hotels PLC,Hotels & Travel,504.12,-0.38,123153,103307846.14,112737783618,223632575,20.87,24.15,1.07,471.05,2.99,15.08,5.4,2.85,0.73,2.61,731.6,399.59,31.48,470.34,4.14,72.23,35,Growth,Avoid,D
GALL.N0000,Galle Face Hotels PLC,Hotels & Travel,236.28,2.65,416139,49715549.0,78061660660,330371595,9.34,25.3,1.74,136.02,2.34,5.52,8.08,4.29,0.8,1.21,326.84,143.67,50.56,169.05,3.95,59.17,30,Growth,Avoid,D
ASIY.N0000,Asia Capital PLC,Diversified Holdings,647.59,4.06,98748,271656822.6,11776127068,18184666,32.49,19.93,2.76,234.24,2.79,18.1,8.85,4.99,0.69,2.96,868.74,534.57,33.82,413.83,5.02,55.69,30,Growth,Avoid,D
TANG.N0000,Tangerine Beach Hotels PLC,Hotels & Travel,777.09,3.61,170064,140389639.77,326061838376,419595712,30.33,25.62,1.3,598.66,2.0,15.52,15.05,5.82,1.09,1.34,1160.39,659.61,23.46,639.18,3.9,51.17,30,Growth,Avoid,D
MELS.N0000,Melstacorp PLC,Hotels & Travel,43.26,-0.06,259305,6703294.42,2034926291,47035278,1.46,29.64,2.99,14.46,2.69,1.17,13.78,8.22,0.74,2.66,59.34,35.76,31.83,21.79,3.37,79.81,30,Growth,Avoid,D
SDEV.N0000,Seylan Developments PLC,Land & Property,32.21,-0.91,371455,1421860.39,9386003151,291365828,4.98,6.46,2.3,13.98,2.12,0.68,7.87,3.23,1.33,1.93,45.57,20.06,47.66,39.59,15.47,13.73,30,Growth,Avoid,D
LAND.N0000,Lankem Developments PLC,Land & Property,590.83,0.71,226709,168504457.94,92864564348,157175628,56.14,10.52,2.11,279.37,3.48,20.55,8.12,4.71,1.17,2.52,676.25,473.87,57.79,594.03,9.5,36.6,30,Growth,Avoid,D
MEDI.N0000,Medihelp PLC,Healthcare,91.08,4.8,246720,11139766.08,31846574353,349669817,3.61,25.26,2.68,34.01,3.02,2.75,18.55,7.11,1.17,1.98,138.85,71.38,29.19,52.52,3.96,76.36,30,Growth,Avoid,D
CHL.N0000,Ceylon Hospitals PLC (Durdans),Healthcare,120.7,2.18,264867,59591385.78,50627433872,419431618,7.07,17.08,2.44,49.55,2.76,3.33,13.75,4.16,1.03,2.07,185.77,102.01,22.32,88.75,5.85,47.17,30,Growth,Avoid,D
KPRO.N0000,Kelsey Developments PLC,Land & Property,285.96,-4.86,32147,83226446.34,124236050859,434449039,21.35,13.4,2.13,134.41,3.57,10.21,8.59,3.6,1.31,1.76,386.66,191.22,48.48,254.08,7.46,47.85,30,Growth,Avoid,D
AHOT.N0000,Asian Hotels & Properties PLC,Hotels & Travel,543.46,-4.45,258166,153145508.11,123172315289,226644711,19.54,27.82,2.61,208.38,3.98,21.66,9.67,3.78,0.61,1.33,742.51,398.98,42.06,302.66,3.6,110.84,25,Growth,Avoid,D
MAST.N0000,Mas Holdings PLC,Footwear & Textiles,586.45,4.97,464251,6131359.66,80817083475,137807817,37.36,15.7,2.36,248.0,3.75,21.98,9.32,3.78,1.12,2.49,926.46,381.23,37.64,456.55,6.37,58.84,25,Growth,Avoid,D
RHTL.N0000,Royal Hotels Lanka PLC,Hotels & Travel,292.49,-3.21,17764,113968295.38,42019544830,143662826,10.41,28.09,2.84,102.97,1.63,4.78,12.59,5.74,0.74,2.35,328.63,254.36,51.33,155.31,3.56,45.89,20,Growth,Avoid,D
BERA.N0000,Beruwala Resorts PLC,Hotels & Travel,212.53,4.98,493787,82837333.16,97750134545,459945196,7.2,29.5,0.55,388.18,1.4,2.98,5.35,2.15,1.46,1.46,246.38,117.76,73.68,250.84,3.39,41.4,20,Growth,Avoid,D
TAJ.N0000,Taj Lanka Hotels PLC,Hotels & Travel,621.92,-3.31,251851,261022343.3,131159071495,210894558,26.14,23.79,2.64,235.8,1.85,11.52,9.83,5.35,0.14,1.1,805.33,516.64,36.47,372.39,4.2,44.08,20,Growth,Avoid,D
HOTE.N0000,Hotel Corporation PLC,Hotels & Travel,194.13,-3.44,26422,91884280.76,4526465431,23317103,13.51,14.37,2.3,84.57,2.0,3.88,8.29,2.54,1.22,2.43,232.76,172.97,35.38,160.31,6.96,28.75,15,Growth,Avoid,D
MDEV.N0000,Muthoot Development PLC,Land & Property,89.02,-0.95,176243,40679953.8,4110781156,46178435,8.27,10.76,2.24,39.68,1.8,1.6,5.93,2.97,1.26,1.45,101.93,76.5,49.23,85.95,9.3,19.39,15,Growth,Avoid,D
MARA.N0000,Marawila Resorts PLC,Hotels & Travel,709.76,3.62,430549,237162379.06,207766923878,292727555,32.14,22.09,2.74,259.16,0.44,3.12,12.34,5.04,1.03,0.8,920.15,601.21,34.04,432.88,4.53,9.7,10,Growth,Avoid,D
DIGI.N0000,Digital Solutions PLC,Information Technology,474.85,2.6,484026,207571180.36,44439952641,93587628,23.38,20.31,2.2,215.97,0.7,3.31,14.84,8.29,1.45,2.54,614.88,305.99,54.67,337.09,4.92,14.14,10,Growth,Avoid,D
KHC.N0000,Keells Hotel PLC,Hotels & Travel,501.26,4.92,63129,110741116.52,152145461988,303527893,22.56,22.21,2.81,178.23,2.57,12.91,5.38,1.79,1.03,2.43,658.19,426.45,32.28,300.81,4.5,57.2,10,Growth,Avoid,D
